id,rating,genre,runtime
1,R,Action and Adventure|Classics|Drama,104.0
3,R,Drama|Science Fiction and Fantasy,108.0
5,R,Drama|Musical and Performing Arts,116.0
6,R,Drama|Mystery and Suspense,128.0
7,NR,Drama|Romance,200.0
8,PG,Drama|Kids and Family,95.0
10,PG-13,Comedy,82.0
13,R,Drama,123.0
14,R,Drama,117.0
15,PG-13,Action and Adventure|Mystery and Suspense|Science Fiction and Fantasy,108.0
17,NR,UNKOWN,90.0
18,NR,Documentary,90.0
19,NR,Documentary|Special Interest,90.0
20,PG-13,Classics|Comedy|Drama,97.0
21,R,Comedy,106.0
22,R,Comedy|Drama|Mystery and Suspense,108.0
23,R,Drama,129.0
24,PG,Action and Adventure|Comedy|Drama,98.0
25,PG-13,Action and Adventure|Drama|Science Fiction and Fantasy,127.0
26,R,Art House and International|Comedy|Drama|Musical and Performing Arts,96.0
27,NR,Musical and Performing Arts,90.0
28,G,Classics|Comedy|Musical and Performing Arts|Romance,90.0
29,PG,Action and Adventure|Drama|Science Fiction and Fantasy,101.0
33,R,Action and Adventure|Drama|Mystery and Suspense,114.0
34,PG-13,Action and Adventure|Mystery and Suspense,123.0
35,R,Drama,110.0
38,R,Art House and International|Classics|Horror|Mystery and Suspense,96.0
39,R,Horror,97.0
40,R,Drama,95.0
41,R,Drama,106.0
42,G,Action and Adventure|Classics|Drama|Mystery and Suspense,65.0
43,NR,Classics|Comedy|Musical and Performing Arts,75.0
44,R,Comedy,82.0
45,PG,Comedy|Kids and Family,92.0
46,R,Comedy|Musical and Performing Arts,91.0
48,NR,Action and Adventure|Drama|Western,73.0
49,R,Action and Adventure|Comedy|Mystery and Suspense,100.0
50,R,Action and Adventure|Drama,99.0
51,NR,Mystery and Suspense,108.0
52,PG,Comedy|Drama|Romance,103.0
53,PG,Drama|Romance,112.0
54,NR,Comedy|Drama,142.0
55,NR,Action and Adventure|Science Fiction and Fantasy,99.0
56,R,Drama,119.0
57,R,Comedy,122.0
58,PG,Comedy|Romance,86.0
59,NR,Art House and International|Drama,91.0
60,R,Horror,95.0
61,R,Action and Adventure|Drama|Horror|Mystery and Suspense,93.0
63,R,Action and Adventure|Drama|Mystery and Suspense,111.0
64,PG-13,Comedy,86.0
65,PG,Comedy|Kids and Family|Romance,108.0
66,R,Mystery and Suspense,118.0
67,R,Horror,89.0
68,NR,Classics|Drama,106.0
69,R,Comedy,74.0
70,PG,Action and Adventure,115.0
71,PG,Comedy,107.0
72,R,Action and Adventure|Classics|Drama,165.0
74,R,Comedy|Drama,104.0
75,R,Action and Adventure|Mystery and Suspense,107.0
77,PG-13,Comedy|Drama,99.0
79,R,Action and Adventure|Drama|Mystery and Suspense,98.0
80,NR,Action and Adventure|Art House and International|Drama,110.0
82,R,Comedy|Mystery and Suspense|Science Fiction and Fantasy|Romance,113.0
83,G,Comedy|Drama|Kids and Family|Romance,89.0
84,NR,Drama,186.0
85,NR,Drama,92.0
86,NR,Drama|Mystery and Suspense,67.0
87,PG,Art House and International|Drama|Musical and Performing Arts,117.0
88,R,Comedy|Romance,92.0
89,NR,Comedy|Musical and Performing Arts,123.0
90,NR,Drama|Musical and Performing Arts|Romance,96.0
92,NR,Art House and International|Classics|Horror,90.0
93,R,Classics|Comedy|Drama|Romance,110.0
94,R,Art House and International|Drama|Mystery and Suspense|Television,90.0
95,R,Drama|Sports and Fitness,116.0
96,R,Comedy|Drama,118.0
98,NR,Comedy|Drama,104.0
99,PG-13,Comedy|Romance,102.0
100,NR,Comedy|Drama,108.0
101,R,Comedy|Drama|Television,90.0
102,PG-13,Drama|Mystery and Suspense,101.0
104,NR,Action and Adventure|Mystery and Suspense,90.0
105,NR,Animation|Kids and Family|Special Interest,60.0
106,R,Comedy,95.0
108,R,Comedy|Drama|Kids and Family,93.0
109,NR,Comedy|Drama,55.0
110,PG,Classics|Comedy|Drama|Kids and Family|Science Fiction and Fantasy,135.0
111,R,Drama|Mystery and Suspense,101.0
115,G,Animation|Comedy|Kids and Family|Science Fiction and Fantasy,92.0
116,R,Art House and International|Comedy|Drama,97.0
118,PG,Comedy|Science Fiction and Fantasy,102.0
119,R,Action and Adventure|Drama|Mystery and Suspense,107.0
120,PG,Comedy|Romance,109.0
121,PG-13,Comedy|Romance,93.0
123,NR,Classics|Comedy|Special Interest,99.0
124,PG-13,Action and Adventure|Science Fiction and Fantasy,101.0
126,NR,Action and Adventure|Art House and International|Comedy,98.0
127,R,Drama|Horror|Mystery and Suspense,113.0
128,NR,Art House and International,120.0
130,NR,Art House and International|Comedy|Drama,128.0
131,R,Action and Adventure|Comedy,90.0
133,R,Action and Adventure|Animation|Drama|Science Fiction and Fantasy|Special Interest,114.0
134,R,Drama|Horror|Mystery and Suspense,98.0
135,R,Action and Adventure|Animation|Art House and International|Drama|Science Fiction and Fantasy,106.0
136,R,Horror|Mystery and Suspense,109.0
137,NR,Art House and International|Drama,70.0
138,PG-13,Drama|Romance,124.0
140,PG,Drama,93.0
142,NR,Comedy|Musical and Performing Arts,100.0
144,NR,Classics|Comedy|Romance,90.0
145,R,Comedy,95.0
146,PG-13,Action and Adventure|Art House and International|Drama|Mystery and Suspense,100.0
147,PG,Comedy,96.0
148,NR,Action and Adventure|Science Fiction and Fantasy,93.0
149,NR,Action and Adventure|Art House and International|Comedy,104.0
150,NR,Classics|Drama|Mystery and Suspense|Science Fiction and Fantasy|Romance,123.0
151,R,Action and Adventure|Drama|Horror|Mystery and Suspense,104.0
152,R,Comedy|Romance,105.0
153,PG,Comedy|Kids and Family,93.0
155,R,Comedy|Drama,115.0
157,NR,Classics|Western|Romance,100.0
158,PG-13,Drama|Sports and Fitness,134.0
159,PG-13,Comedy,98.0
160,PG-13,Action and Adventure|Drama,124.0
161,NR,Art House and International|Drama|Mystery and Suspense,80.0
162,PG,Comedy|Kids and Family|Science Fiction and Fantasy,87.0
163,NR,Drama|Television,167.0
164,NR,Drama,93.0
165,R,Horror|Mystery and Suspense,96.0
167,NR,UNKOWN,90.0
169,NR,Classics|Drama|Faith and Spirituality,106.0
170,R,Drama,135.0
171,NR,Classics|Comedy,90.0
174,NR,Comedy|Romance,103.0
177,NR,Art House and International|Horror,77.0
180,R,Drama|Mystery and Suspense,99.0
181,R,Drama|Romance,119.0
182,PG,Action and Adventure|Comedy|Kids and Family,100.0
183,NR,Classics|Drama|Musical and Performing Arts,98.0
184,NR,Action and Adventure|Drama|Mystery and Suspense,81.0
186,PG,Action and Adventure|Comedy|Drama|Musical and Performing Arts|Romance,91.0
187,G,Action and Adventure|Kids and Family|Science Fiction and Fantasy,101.0
188,R,Comedy|Drama,86.0
189,NR,Drama|Horror|Mystery and Suspense|Television,94.0
191,NR,Drama,188.0
192,R,Art House and International|Comedy|Drama|Romance,95.0
193,R,Art House and International|Drama,104.0
194,NR,Classics|Comedy|Drama|Kids and Family,117.0
195,PG-13,Action and Adventure|Drama|Mystery and Suspense,113.0
196,PG-13,Comedy,98.0
197,R,Action and Adventure|Art House and International|Drama,104.0
199,NR,Drama,93.0
200,G,Classics|Comedy|Drama|Musical and Performing Arts,126.0
201,R,Drama|Mystery and Suspense,110.0
204,PG-13,Action and Adventure|Art House and International|Comedy,90.0
205,NR,Art House and International|Classics|Horror|Science Fiction and Fantasy,63.0
206,R,Horror|Science Fiction and Fantasy,91.0
210,PG-13,Drama|Romance,132.0
211,R,Drama|Musical and Performing Arts,137.0
212,PG-13,Comedy,79.0
213,NR,Classics|Drama|Musical and Performing Arts,98.0
214,NR,Drama|Mystery and Suspense,65.0
216,NR,Classics|Comedy,65.0
218,PG-13,Drama|Horror|Mystery and Suspense|Romance,115.0
219,PG,Action and Adventure|Art House and International|Classics|Drama,156.0
221,PG,Classics|Drama,147.0
222,G,Action and Adventure|Classics|Comedy|Musical and Performing Arts|Romance,124.0
223,NR,Documentary|Musical and Performing Arts,54.0
224,G,Classics|Drama,113.0
225,NR,Drama|Television,93.0
226,R,Action and Adventure|Horror,89.0
227,PG,Comedy|Drama|Musical and Performing Arts,111.0
229,NR,Comedy,85.0
232,PG,Action and Adventure|Drama|Science Fiction and Fantasy,117.0
233,PG-13,Comedy|Horror,96.0
234,PG-13,Action and Adventure|Drama,15.0
235,R,Action and Adventure|Classics|Drama,171.0
236,NR,Classics|Western,59.0
237,NR,Action and Adventure|Drama|Science Fiction and Fantasy|Television,85.0
238,R,Art House and International|Comedy|Drama|Musical and Performing Arts,120.0
239,PG,Comedy|Horror,80.0
240,NR,Classics|Comedy|Musical and Performing Arts|Romance,80.0
242,R,Drama|Mystery and Suspense,100.0
246,PG-13,Action and Adventure|Art House and International|Comedy,93.0
247,NR,Art House and International|Drama|Romance,93.0
248,R,Drama|Mystery and Suspense,94.0
249,R,Action and Adventure|Drama,97.0
250,R,Art House and International|Drama|Horror|Mystery and Suspense|Science Fiction and Fantasy,118.0
251,R,Drama|Romance,118.0
252,R,Horror|Mystery and Suspense,90.0
254,PG,Classics|Drama|Mystery and Suspense|Science Fiction and Fantasy,97.0
255,R,Horror,93.0
256,R,Horror|Mystery and Suspense,90.0
258,NR,Art House and International|Drama,90.0
259,NR,Drama|Horror|Mystery and Suspense,93.0
261,NR,Classics|Comedy|Drama|Musical and Performing Arts,98.0
263,R,Horror,88.0
264,R,Drama|Mystery and Suspense,99.0
265,NR,Special Interest|Sports and Fitness,90.0
267,R,Comedy,101.0
269,R,Horror|Mystery and Suspense|Science Fiction and Fantasy,110.0
270,R,Comedy|Horror|Musical and Performing Arts,91.0
271,R,Drama,110.0
272,PG,Drama,107.0
273,PG,Action and Adventure|Drama|Kids and Family,94.0
274,R,Action and Adventure|Drama|Western,97.0
275,NR,Action and Adventure|Art House and International|Comedy,101.0
276,R,Comedy,99.0
277,NR,Classics|Drama,128.0
278,R,Comedy,96.0
279,R,Drama|Science Fiction and Fantasy|Romance,98.0
280,NR,Art House and International,89.0
281,R,Comedy|Western,116.0
282,NR,Horror,98.0
283,NR,Mystery and Suspense,81.0
284,PG,Action and Adventure|Comedy|Mystery and Suspense,94.0
285,R,Comedy,94.0
286,PG-13,Action and Adventure|Documentary|Science Fiction and Fantasy|Special Interest|Western,93.0
287,NR,Classics|Drama,85.0
288,NR,Art House and International|Mystery and Suspense,130.0
289,NR,UNKOWN,95.0
290,R,Action and Adventure|Drama,132.0
292,R,Action and Adventure|Art House and International|Drama|Faith and Spirituality,101.0
293,NR,Classics|Horror,87.0
295,PG-13,Drama,100.0
296,PG,Action and Adventure|Classics|Comedy|Drama,143.0
298,NR,Drama|Mystery and Suspense,104.0
299,PG-13,Action and Adventure|Drama,95.0
300,PG-13,Drama,133.0
301,PG-13,Drama|Mystery and Suspense,95.0
302,R,Action and Adventure|Drama|Mystery and Suspense,129.0
303,NR,Action and Adventure|Drama|Horror|Mystery and Suspense,100.0
304,R,Comedy|Drama,107.0
305,R,Drama|Science Fiction and Fantasy,114.0
306,NR,Classics|Horror|Mystery and Suspense|Science Fiction and Fantasy,90.0
308,NR,Horror,75.0
309,NR,Classics|Documentary|Drama|Romance,52.0
310,PG,Action and Adventure|Western,111.0
311,PG-13,Art House and International|Drama,120.0
312,R,Art House and International|Drama,132.0
313,R,Drama,105.0
314,PG,Comedy|Kids and Family,111.0
317,NR,Art House and International|Comedy|Drama|Mystery and Suspense,129.0
320,R,Horror,88.0
321,R,Comedy,111.0
322,R,Horror,119.0
323,G,Action and Adventure|Western,111.0
326,PG-13,Comedy|Drama,129.0
327,NR,UNKOWN,13.0
328,NR,Action and Adventure|Classics|Drama|Mystery and Suspense,83.0
329,PG-13,Musical and Performing Arts|Special Interest,105.0
331,PG-13,Documentary|Musical and Performing Arts,93.0
332,G,Action and Adventure|Art House and International,155.0
333,R,Drama,103.0
334,R,Comedy|Drama,124.0
335,NR,Drama|Mystery and Suspense,101.0
336,NR,Drama,89.0
337,R,Art House and International|Drama|Special Interest,142.0
338,PG-13,Drama|Mystery and Suspense,126.0
345,PG-13,Comedy|Drama,111.0
346,PG-13,Drama|Romance,103.0
348,NR,Classics|Comedy,95.0
349,G,Kids and Family|Science Fiction and Fantasy,83.0
350,NR,Classics|Horror|Science Fiction and Fantasy,80.0
352,PG,Drama|Romance,87.0
353,NR,Art House and International|Comedy|Drama,90.0
354,NR,Classics|Comedy|Musical and Performing Arts,95.0
355,R,Comedy,87.0
356,R,Drama,114.0
357,PG,Action and Adventure|Animation|Comedy|Kids and Family,91.0
359,PG,Action and Adventure|Drama,99.0
361,NR,Drama|Special Interest,7.0
363,NR,Horror,90.0
364,PG-13,Comedy|Horror,94.0
365,R,Classics|Drama,105.0
366,PG,Drama,98.0
367,PG-13,Drama,100.0
368,G,Art House and International|Drama,134.0
369,R,Action and Adventure|Mystery and Suspense,97.0
370,PG-13,Drama|Romance,106.0
372,NR,Comedy,93.0
373,R,Action and Adventure|Comedy|Drama|Mystery and Suspense,87.0
374,NR,Comedy|Musical and Performing Arts,117.0
375,R,Comedy|Kids and Family|Television,86.0
376,PG-13,Comedy|Drama,95.0
377,R,Comedy|Drama|Musical and Performing Arts,121.0
379,R,Action and Adventure|Art House and International,108.0
380,NR,Art House and International|Drama,83.0
384,NR,Classics|Comedy|Romance,114.0
385,NR,Action and Adventure|Drama|Mystery and Suspense,93.0
386,PG,Action and Adventure|Classics|Horror,95.0
387,NR,Action and Adventure|Classics|Western|Romance,109.0
388,G,Classics|Drama,94.0
390,PG-13,Action and Adventure|Science Fiction and Fantasy,94.0
391,PG,Comedy|Drama,102.0
392,R,Drama,125.0
393,PG,Classics|Drama,146.0
394,PG-13,Drama,109.0
396,R,Art House and International|Comedy|Drama,113.0
397,PG,Classics|Drama,122.0
398,R,Comedy|Drama|Mystery and Suspense,103.0
400,PG-13,Action and Adventure,109.0
401,R,Drama,196.0
402,NR,Comedy|Drama,127.0
403,NR,Comedy|Science Fiction and Fantasy,75.0
404,PG,Horror,103.0
406,PG,Action and Adventure|Art House and International|Drama|Kids and Family|Science Fiction and Fantasy,95.0
408,PG,Action and Adventure|Drama|Mystery and Suspense,99.0
409,R,Comedy,98.0
410,R,Drama|Musical and Performing Arts,108.0
411,NR,Classics|Drama|Mystery and Suspense,78.0
412,R,Comedy|Science Fiction and Fantasy,95.0
413,NR,Action and Adventure|Art House and International|Science Fiction and Fantasy,100.0
414,PG-13,Art House and International|Comedy,87.0
415,PG,Art House and International|Drama,98.0
417,R,Art House and International|Drama,120.0
418,PG-13,Action and Adventure|Drama|Mystery and Suspense,90.0
419,PG-13,Mystery and Suspense|Science Fiction and Fantasy,105.0
420,NR,Classics|Drama|Musical and Performing Arts|Mystery and Suspense,95.0
421,NR,Art House and International|Comedy|Drama,158.0
422,R,Comedy,95.0
423,NR,Documentary|Musical and Performing Arts,108.0
425,PG-13,Comedy,92.0
426,NR,Action and Adventure|Classics|Drama|Western,60.0
427,PG,Art House and International|Drama,96.0
428,PG-13,Action and Adventure|Drama,105.0
430,PG,Drama|Science Fiction and Fantasy,88.0
432,PG-13,Comedy,70.0
433,PG-13,Action and Adventure|Mystery and Suspense,117.0
435,NR,Art House and International|Comedy,91.0
436,NR,Mystery and Suspense,90.0
437,PG,Action and Adventure|Art House and International,105.0
438,R,Action and Adventure,100.0
439,NR,Art House and International|Comedy|Drama,108.0
440,R,Classics|Drama,120.0
442,R,Action and Adventure|Horror|Science Fiction and Fantasy,100.0
443,PG-13,Action and Adventure|Science Fiction and Fantasy,123.0
444,PG-13,Drama|Romance,116.0
445,R,Comedy|Drama|Mystery and Suspense,102.0
446,NR,Action and Adventure,69.0
447,R,Drama,95.0
448,NR,Action and Adventure|Classics|Comedy|Drama,116.0
450,PG,Comedy|Drama|Science Fiction and Fantasy|Romance,98.0
451,R,Drama|Mystery and Suspense,89.0
452,PG,Action and Adventure|Animation|Science Fiction and Fantasy,86.0
453,PG,Action and Adventure|Kids and Family|Science Fiction and Fantasy,86.0
455,NR,Drama,129.0
456,R,Action and Adventure|Horror,125.0
457,R,Drama|Horror|Mystery and Suspense,85.0
458,PG-13,Comedy|Romance,94.0
459,NR,Art House and International|Comedy|Drama,95.0
460,R,Comedy|Drama,115.0
461,PG,Action and Adventure|Comedy,90.0
462,R,Horror,100.0
465,PG,Drama,128.0
466,R,Mystery and Suspense|Romance,102.0
468,PG-13,Comedy|Drama,115.0
469,PG-13,Documentary|Musical and Performing Arts|Special Interest,88.0
470,PG-13,Action and Adventure,117.0
471,R,Comedy|Drama|Mystery and Suspense,115.0
472,NR,Drama|Kids and Family,95.0
473,NR,Art House and International|Drama|Romance,121.0
474,NR,Art House and International|Drama,90.0
475,NR,Action and Adventure|Western|Romance,91.0
476,R,Art House and International|Drama,110.0
477,R,Art House and International|Documentary|Drama|Special Interest,133.0
478,R,Art House and International|Cult Movies|Drama,110.0
479,R,Comedy|Drama,105.0
482,PG,Action and Adventure|Animation|Comedy|Science Fiction and Fantasy,88.0
483,NR,Art House and International|Drama,91.0
484,NR,Comedy|Drama,100.0
486,NR,Comedy|Drama,104.0
487,PG,Drama,153.0
488,PG,Animation|Comedy|Kids and Family,90.0
489,R,Comedy,91.0
490,NR,Action and Adventure|Art House and International,145.0
491,PG,Comedy|Kids and Family,93.0
492,NR,Action and Adventure,110.0
493,R,Drama|Horror|Mystery and Suspense,103.0
494,G,Animation|Drama|Kids and Family|Science Fiction and Fantasy,87.0
495,PG,Comedy|Drama,98.0
496,NR,Action and Adventure|Science Fiction and Fantasy,93.0
497,PG-13,Comedy|Drama|Romance,108.0
499,R,Comedy,96.0
500,NR,Art House and International|Drama|Mystery and Suspense,88.0
502,NR,Horror,76.0
503,R,Art House and International|Classics|Drama|Horror|Science Fiction and Fantasy,95.0
504,PG,Comedy,86.0
505,R,Comedy,95.0
507,R,Art House and International|Drama|Musical and Performing Arts,85.0
508,R,Drama|Horror|Mystery and Suspense,107.0
509,NR,Classics|Drama|Romance,146.0
512,NR,Art House and International|Classics|Drama|Romance,111.0
513,NR,Action and Adventure|Drama,84.0
515,NR,Action and Adventure|Western,89.0
516,NR,Drama|Mystery and Suspense,78.0
517,PG,Horror,87.0
518,R,Comedy|Romance,102.0
520,PG,Drama|Kids and Family,100.0
522,G,Documentary|Special Interest|Sports and Fitness,45.0
523,R,Horror,85.0
524,NR,Drama,90.0
526,G,Classics|Comedy|Drama|Kids and Family|Musical and Performing Arts,179.0
527,NR,Action and Adventure|Documentary|Television,90.0
528,R,Comedy|Drama,114.0
531,PG,Action and Adventure|Drama|Mystery and Suspense|Television|Western,117.0
533,PG-13,Classics|Comedy,130.0
534,R,Drama,120.0
535,NR,Comedy,85.0
537,R,Action and Adventure|Drama|Mystery and Suspense|Romance,121.0
539,R,Art House and International|Comedy|Drama|Romance,87.0
541,NR,Drama|Romance,127.0
542,R,Action and Adventure|Mystery and Suspense,96.0
544,NR,Classics|Drama|Mystery and Suspense,64.0
545,R,Classics|Comedy|Drama|Television,138.0
547,PG-13,Classics|Comedy|Romance,126.0
548,R,Comedy|Drama,100.0
549,R,Action and Adventure|Art House and International|Comedy|Drama,89.0
550,NR,Comedy|Science Fiction and Fantasy,96.0
551,NR,Comedy|Science Fiction and Fantasy,111.0
552,R,Comedy|Drama,91.0
554,PG-13,Action and Adventure|Drama|Horror|Western,84.0
555,PG-13,Comedy|Drama,96.0
556,R,Drama,111.0
559,PG,Comedy|Kids and Family,87.0
560,NR,Musical and Performing Arts|Special Interest,93.0
561,PG-13,Action and Adventure|Art House and International|Drama|Kids and Family|Mystery and Suspense,109.0
562,NR,Art House and International|Drama|Mystery and Suspense,175.0
563,PG-13,Comedy|Drama|Romance,89.0
564,PG,Action and Adventure|Animation|Comedy,96.0
565,R,Art House and International|Documentary|Special Interest,90.0
566,G,Art House and International|Drama|Romance,101.0
567,PG-13,Comedy,90.0
571,R,Action and Adventure|Art House and International,92.0
572,PG-13,Action and Adventure|Comedy|Drama,91.0
573,PG-13,Comedy|Drama,118.0
576,NR,Action and Adventure|Art House and International,90.0
578,PG,Comedy|Drama,96.0
579,PG-13,Mystery and Suspense,101.0
580,NR,Classics|Western|Romance,79.0
581,PG-13,Comedy|Drama|Science Fiction and Fantasy,125.0
582,R,Drama|Mystery and Suspense,121.0
583,R,Drama|Romance,174.0
584,NR,Drama|Mystery and Suspense,80.0
585,R,Action and Adventure|Mystery and Suspense,129.0
586,NR,Documentary|Special Interest,90.0
588,R,Action and Adventure|Drama,100.0
589,NR,Animation|Anime and Manga|Art House and International|Horror|Science Fiction and Fantasy,80.0
590,PG-13,Drama|Romance,115.0
592,NR,Art House and International|Comedy|Romance,109.0
594,PG,Action and Adventure|Comedy|Science Fiction and Fantasy,105.0
595,R,Comedy|Drama,123.0
596,G,Documentary|Special Interest,86.0
597,PG,Comedy|Drama|Romance,121.0
598,NR,Classics|Drama|Mystery and Suspense,111.0
599,R,Drama|Mystery and Suspense|Romance,104.0
601,PG,Action and Adventure|Science Fiction and Fantasy,91.0
602,R,Drama,112.0
603,R,Drama,104.0
604,R,Documentary|Musical and Performing Arts|Special Interest,86.0
605,PG-13,Comedy|Special Interest,95.0
607,PG,Drama|Mystery and Suspense|Science Fiction and Fantasy,95.0
608,R,Comedy|Drama,87.0
609,NR,Classics|Drama|Mystery and Suspense,144.0
610,PG-13,Action and Adventure|Mystery and Suspense|Romance,103.0
611,R,Drama|Mystery and Suspense,137.0
612,R,Action and Adventure|Comedy|Drama|Mystery and Suspense,110.0
613,NR,Classics|Musical and Performing Arts,94.0
614,PG,Classics|Drama|Western,128.0
615,PG,Art House and International|Drama,109.0
617,NR,Action and Adventure|Drama|Western,100.0
618,PG,Drama,110.0
619,PG,Comedy|Kids and Family|Science Fiction and Fantasy,96.0
620,R,Action and Adventure,94.0
622,R,Drama,175.0
623,R,Art House and International|Drama|Mystery and Suspense,93.0
624,NR,Classics|Comedy|Musical and Performing Arts,110.0
626,R,Horror|Mystery and Suspense|Science Fiction and Fantasy,91.0
627,R,Animation|Documentary|Drama,100.0
628,PG,Drama|Kids and Family,124.0
631,R,Comedy|Romance,94.0
632,NR,Art House and International|Drama|Romance,86.0
633,NR,Drama,86.0
635,R,Horror,84.0
636,NR,Special Interest,90.0
638,R,Comedy|Drama|Mystery and Suspense,107.0
639,R,Drama|Mystery and Suspense|Science Fiction and Fantasy,93.0
640,NR,Classics|Drama|Mystery and Suspense,79.0
641,NR,Drama,104.0
642,NR,Classics|Drama|Romance,102.0
643,PG-13,Comedy,97.0
644,R,Drama|Mystery and Suspense,101.0
645,NR,Documentary|Musical and Performing Arts,152.0
646,PG-13,Comedy|Drama|Mystery and Suspense,108.0
647,NR,Drama|Musical and Performing Arts,86.0
648,R,Action and Adventure|Classics|Western,142.0
651,R,Drama|Mystery and Suspense,118.0
654,PG-13,Comedy|Drama,96.0
655,R,Comedy|Drama,184.0
656,G,Kids and Family,75.0
658,R,Comedy,93.0
659,R,Comedy,126.0
661,PG,Comedy|Romance,95.0
663,PG,Comedy|Science Fiction and Fantasy,88.0
664,NR,Art House and International|Drama,150.0
665,PG-13,Art House and International|Drama,104.0
666,NR,Drama|Mystery and Suspense,313.0
667,PG,Animation|Kids and Family,95.0
669,PG,Action and Adventure|Science Fiction and Fantasy,127.0
671,PG,Comedy|Kids and Family,104.0
672,PG-13,Drama|Horror,100.0
673,PG,Drama,109.0
674,R,Comedy|Mystery and Suspense,102.0
675,PG,Drama,164.0
676,NR,Action and Adventure|Drama,90.0
678,NR,Drama|Romance,107.0
679,NR,Documentary|Drama|Special Interest,93.0
680,NR,Drama,91.0
681,NR,Animation|Special Interest,11.0
683,R,Action and Adventure|Drama|Mystery and Suspense,122.0
684,PG,Action and Adventure|Science Fiction and Fantasy,109.0
685,R,Comedy|Romance,91.0
686,PG-13,Horror|Mystery and Suspense|Science Fiction and Fantasy,92.0
687,R,Horror|Mystery and Suspense,114.0
688,R,Horror|Mystery and Suspense,110.0
689,R,Drama|Mystery and Suspense,148.0
690,NR,Classics|Comedy|Romance,109.0
691,NR,Art House and International|Drama,85.0
692,PG,Action and Adventure|Kids and Family|Science Fiction and Fantasy|Western,98.0
693,PG,Comedy,102.0
694,R,Drama|Mystery and Suspense,95.0
695,NR,Action and Adventure|Classics|Comedy|Drama,91.0
696,R,Action and Adventure|Drama,130.0
697,NR,Art House and International|Drama,116.0
699,NR,Drama,90.0
700,R,Action and Adventure|Drama|Western,120.0
701,PG,Action and Adventure|Drama,90.0
704,R,Comedy,82.0
707,NR,Action and Adventure,6.0
708,NR,Drama|Mystery and Suspense,94.0
709,R,Comedy|Drama|Musical and Performing Arts,105.0
712,PG,Art House and International|Classics|Comedy|Drama|Musical and Performing Arts|Science Fiction and Fantasy|Romance,120.0
713,R,Comedy,89.0
714,R,Comedy,120.0
715,R,Drama|Mystery and Suspense,110.0
716,NR,Art House and International|Comedy,116.0
717,G,Drama|Special Interest,73.0
718,R,Art House and International|Horror,90.0
719,NR,Action and Adventure|Classics,122.0
720,NR,Classics|Comedy,101.0
721,R,Drama|Mystery and Suspense,117.0
722,NR,Action and Adventure|Art House and International|Comedy|Mystery and Suspense|Science Fiction and Fantasy,92.0
723,R,Drama|Musical and Performing Arts,119.0
724,NR,Art House and International|Drama|Sports and Fitness,90.0
725,NR,Drama|Romance,105.0
726,NR,Action and Adventure,85.0
727,NR,Art House and International|Comedy|Drama,114.0
729,PG,Kids and Family|Science Fiction and Fantasy,108.0
730,NR,Art House and International|Drama,97.0
731,R,Documentary|Musical and Performing Arts,106.0
732,NR,Western,92.0
733,NR,Comedy|Documentary|Musical and Performing Arts|Special Interest,82.0
734,NR,Art House and International,104.0
735,PG,Action and Adventure|Drama,116.0
736,R,Drama|Mystery and Suspense,114.0
737,NR,Drama,84.0
738,R,Art House and International|Horror|Mystery and Suspense,107.0
739,NR,Drama,114.0
740,PG-13,Action and Adventure|Mystery and Suspense|Science Fiction and Fantasy,92.0
741,R,Action and Adventure|Mystery and Suspense,99.0
742,R,Art House and International|Comedy|Drama|Romance,92.0
743,NR,Drama,90.0
744,PG-13,Comedy|Romance,100.0
745,PG,Comedy|Cult Movies|Mystery and Suspense|Science Fiction and Fantasy,94.0
746,NR,Action and Adventure|Classics|Drama|Romance,65.0
747,NR,Classics|Comedy|Drama|Romance,125.0
748,NR,Art House and International|Comedy|Drama,117.0
749,NR,Action and Adventure|Art House and International|Mystery and Suspense|Special Interest,90.0
750,NR,Documentary|Drama|Special Interest,60.0
752,R,Comedy,109.0
753,PG,Horror|Science Fiction and Fantasy,86.0
754,NR,Documentary,101.0
755,PG-13,Action and Adventure|Science Fiction and Fantasy,116.0
756,R,Drama,127.0
757,R,Action and Adventure|Drama|Mystery and Suspense,125.0
758,NR,Horror|Musical and Performing Arts|Science Fiction and Fantasy,71.0
760,R,Comedy,92.0
761,PG,Classics|Western,102.0
762,R,Art House and International|Drama,118.0
763,NR,Classics|Drama|Mystery and Suspense,110.0
765,NR,Art House and International|Classics|Comedy|Drama,88.0
766,G,Action and Adventure|Animation|Comedy|Kids and Family|Science Fiction and Fantasy,76.0
768,NR,Documentary|Special Interest,83.0
769,R,Drama,108.0
770,NR,Classics|Comedy|Drama|Musical and Performing Arts,98.0
771,PG-13,Comedy,84.0
772,NR,Art House and International|Comedy|Drama|Romance,145.0
773,R,Art House and International|Comedy|Drama,110.0
774,NR,Action and Adventure,80.0
776,PG,Comedy|Drama,88.0
778,R,Comedy|Drama|Sports and Fitness,119.0
779,R,Art House and International|Comedy|Drama,91.0
781,PG-13,Art House and International|Classics|Drama|Romance,121.0
782,R,Comedy|Drama,115.0
783,R,Action and Adventure|Mystery and Suspense,103.0
784,PG-13,Classics|Comedy|Drama,128.0
785,NR,Classics|Comedy|Musical and Performing Arts|Romance,117.0
786,NR,Action and Adventure|Drama|Special Interest,23.0
787,NR,Horror,90.0
788,R,Drama,95.0
789,NR,Drama,87.0
791,R,Art House and International|Comedy|Drama|Mystery and Suspense,128.0
792,NR,Action and Adventure|Animation|Kids and Family|Science Fiction and Fantasy,96.0
793,PG-13,Drama|Romance,85.0
794,R,Drama|Mystery and Suspense,125.0
797,PG,Drama,102.0
798,NR,Drama,157.0
800,PG-13,Action and Adventure|Drama,90.0
801,R,Comedy|Drama|Romance,110.0
802,R,Comedy|Science Fiction and Fantasy,95.0
804,R,Drama,100.0
805,PG,Action and Adventure|Drama,98.0
806,R,Comedy|Drama,88.0
807,R,Action and Adventure|Drama|Mystery and Suspense,124.0
808,R,Comedy,95.0
809,PG,Classics|Drama|Mystery and Suspense|Romance,128.0
810,NR,Comedy|Drama|Romance,123.0
811,NR,Art House and International|Drama,141.0
812,NR,Drama|Mystery and Suspense,179.0
814,PG-13,Comedy|Romance,103.0
815,R,Drama,119.0
816,PG,Action and Adventure|Animation|Comedy|Kids and Family,88.0
817,G,Classics|Comedy|Romance,104.0
818,PG,Action and Adventure|Comedy|Kids and Family|Science Fiction and Fantasy,96.0
819,R,Art House and International|Drama|Mystery and Suspense,95.0
820,R,Action and Adventure|Science Fiction and Fantasy,108.0
821,NR,Art House and International|Comedy|Drama,113.0
823,R,Art House and International|Drama|Romance,358.0
824,PG,Comedy|Musical and Performing Arts|Science Fiction and Fantasy,82.0
825,PG-13,Drama,106.0
826,NR,Classics|Drama|Mystery and Suspense,67.0
827,R,Comedy|Drama|Romance,102.0
828,NR,Action and Adventure|Classics|Drama,91.0
829,NR,Art House and International|Horror|Mystery and Suspense,95.0
830,R,Art House and International|Comedy|Drama|Romance|Gay and Lesbian,111.0
831,NR,Comedy,98.0
832,NR,Art House and International,69.0
833,PG-13,Action and Adventure|Comedy|Drama,90.0
834,R,Art House and International|Comedy|Drama,85.0
835,PG,Science Fiction and Fantasy,88.0
836,R,Action and Adventure|Mystery and Suspense,84.0
837,PG,Art House and International|Drama,95.0
838,NR,Action and Adventure|Documentary,79.0
839,PG,Drama|Romance,100.0
840,NR,Classics|Drama|Mystery and Suspense,90.0
841,PG-13,Action and Adventure|Science Fiction and Fantasy,117.0
843,NR,UNKOWN,60.0
845,R,Drama|Mystery and Suspense,121.0
846,PG-13,Drama,113.0
847,NR,Classics|Drama|Mystery and Suspense,80.0
848,R,Drama|Horror|Mystery and Suspense,121.0
849,PG-13,Action and Adventure|Drama|Mystery and Suspense,120.0
850,R,Drama,110.0
852,PG-13,Documentary|Musical and Performing Arts,85.0
853,R,Drama,88.0
855,PG,Action and Adventure|Science Fiction and Fantasy,127.0
856,R,Art House and International|Documentary|Special Interest,103.0
857,NR,Drama|Romance,100.0
858,R,Drama,93.0
859,PG,Comedy|Kids and Family,91.0
860,R,Drama|Mystery and Suspense,103.0
861,R,Drama|Mystery and Suspense|Romance,126.0
862,PG-13,Comedy,109.0
863,R,Action and Adventure|Art House and International|Comedy|Cult Movies|Drama,93.0
864,PG-13,Drama|Mystery and Suspense,88.0
866,NR,Drama,61.0
867,NR,Comedy|Romance,119.0
868,NR,Art House and International|Documentary|Special Interest,90.0
870,PG,Drama|Musical and Performing Arts|Romance,134.0
871,R,Action and Adventure|Mystery and Suspense,124.0
872,PG,Comedy|Kids and Family,89.0
873,R,Comedy,108.0
874,R,Action and Adventure|Comedy|Mystery and Suspense,115.0
875,R,Drama,96.0
876,PG,Drama,90.0
879,R,Comedy|Drama,97.0
880,NR,Western,60.0
881,R,Action and Adventure|Drama|Romance,87.0
883,PG-13,Comedy,118.0
884,R,Action and Adventure|Comedy|Drama,114.0
887,R,Comedy|Drama|Romance,105.0
888,NR,Classics|Drama,98.0
889,PG,Comedy,100.0
891,PG,Comedy|Drama,96.0
893,R,Action and Adventure|Drama|Mystery and Suspense,95.0
895,NR,Drama|Horror|Mystery and Suspense,84.0
896,PG,Classics|Horror|Musical and Performing Arts|Science Fiction and Fantasy,84.0
897,NR,Action and Adventure|Drama,70.0
898,NR,Classics|Drama|Musical and Performing Arts|Romance,94.0
899,PG,Drama,132.0
901,G,Documentary|Drama,103.0
902,R,Drama|Mystery and Suspense,116.0
903,G,Comedy|Documentary|Science Fiction and Fantasy|Special Interest,59.0
906,PG,Drama,81.0
907,R,Art House and International|Comedy|Drama|Romance,115.0
908,PG-13,Art House and International|Comedy|Drama,120.0
909,R,Comedy|Drama,86.0
911,R,Comedy|Cult Movies|Drama,102.0
912,PG,Classics|Drama|Mystery and Suspense,114.0
913,NR,Comedy|Drama,94.0
914,R,Comedy|Drama,95.0
915,NR,Horror|Science Fiction and Fantasy,77.0
918,NR,Classics|Comedy|Musical and Performing Arts|Romance,111.0
919,NR,Drama,93.0
921,PG-13,Action and Adventure|Comedy|Drama|Mystery and Suspense,126.0
922,R,Comedy|Drama,118.0
923,NR,Action and Adventure|Western,133.0
924,R,Action and Adventure|Drama|Mystery and Suspense|Romance,133.0
925,NR,Comedy|Drama,80.0
926,PG-13,Horror|Mystery and Suspense,106.0
928,NR,Classics|Drama|Kids and Family|Romance,92.0
930,R,Comedy|Drama,93.0
931,NR,Art House and International|Comedy|Kids and Family|Musical and Performing Arts|Romance,192.0
932,PG,Documentary|Special Interest,84.0
933,R,Comedy,89.0
934,NR,Classics|Mystery and Suspense,70.0
935,R,Comedy,92.0
936,PG-13,Drama|Romance,89.0
937,R,Classics|Comedy|Drama,100.0
939,NR,Action and Adventure|Art House and International|Drama,134.0
940,PG-13,Action and Adventure|Drama|Mystery and Suspense,98.0
941,R,Action and Adventure|Comedy,98.0
943,NR,Art House and International|Classics|Drama,90.0
944,NR,Classics|Comedy|Drama,85.0
946,PG-13,Comedy,97.0
947,R,Drama|Mystery and Suspense,155.0
949,R,Art House and International|Drama,90.0
950,NR,Drama,96.0
952,R,Drama,114.0
953,PG,Classics|Drama|Mystery and Suspense,119.0
957,NR,Classics|Drama,96.0
959,NR,Art House and International|Drama|Romance,115.0
961,R,Comedy|Drama,91.0
962,NR,Documentary|Musical and Performing Arts,120.0
963,R,Drama,104.0
964,NR,Documentary|Special Interest,70.0
966,R,Horror,76.0
967,R,Action and Adventure|Art House and International|Comedy|Drama|Mystery and Suspense,115.0
968,NR,Art House and International|Horror|Mystery and Suspense,90.0
969,R,Comedy|Drama,106.0
970,R,Art House and International|Comedy|Drama,85.0
971,PG,Action and Adventure|Drama|Kids and Family,96.0
972,R,Comedy,89.0
973,R,Action and Adventure|Horror|Science Fiction and Fantasy,104.0
974,PG,Action and Adventure|Drama,105.0
975,PG-13,Comedy|Romance,95.0
976,R,Drama,109.0
977,R,Drama|Romance,96.0
978,PG,Drama|Science Fiction and Fantasy,88.0
980,PG,Action and Adventure|Mystery and Suspense|Romance,144.0
981,R,Comedy,94.0
983,R,Art House and International|Drama,150.0
984,PG-13,Drama|Mystery and Suspense,103.0
985,R,Action and Adventure|Drama,95.0
986,R,Drama,164.0
988,NR,Horror,83.0
992,NR,Horror|Mystery and Suspense,106.0
994,PG-13,Drama|Romance,102.0
996,NR,Comedy|Drama|Mystery and Suspense,85.0
997,NR,Action and Adventure,96.0
998,NR,Comedy|Mystery and Suspense,99.0
999,NR,Comedy,90.0
1000,R,Drama,105.0
1001,PG-13,Drama,98.0
1002,NR,Action and Adventure|Art House and International|Drama,150.0
1004,PG-13,Drama,154.0
1006,R,Action and Adventure|Drama|Mystery and Suspense,122.0
1007,PG,Comedy|Kids and Family,92.0
1008,R,Action and Adventure|Classics,91.0
1009,PG-13,Comedy|Drama|Romance,121.0
1011,R,Horror,92.0
1013,R,Drama,113.0
1014,PG,Comedy|Drama|Romance,105.0
1015,R,Horror|Kids and Family|Mystery and Suspense|Science Fiction and Fantasy,93.0
1016,R,Comedy,104.0
1017,PG-13,Drama|Science Fiction and Fantasy|Romance,166.0
1020,NR,Art House and International|Drama|Romance,130.0
1021,NR,Documentary,33.0
1022,PG,Action and Adventure|Animation|Kids and Family|Science Fiction and Fantasy,80.0
1023,PG-13,Action and Adventure|Horror|Mystery and Suspense,89.0
1024,G,Classics|Comedy|Musical and Performing Arts|Romance,83.0
1025,NR,Classics|Musical and Performing Arts|Romance,103.0
1026,R,Action and Adventure|Classics|Drama|Mystery and Suspense,111.0
1028,G,Kids and Family|Science Fiction and Fantasy,120.0
1029,NR,Drama|Faith and Spirituality,140.0
1030,NR,Art House and International|Drama|Horror,90.0
1031,NR,Classics|Comedy|Drama,143.0
1033,R,Action and Adventure|Drama|Mystery and Suspense,99.0
1034,PG,Drama,125.0
1035,R,Action and Adventure|Mystery and Suspense,104.0
1036,PG-13,Drama,99.0
1037,NR,Action and Adventure|Drama,95.0
1038,PG-13,Comedy|Drama|Romance,115.0
1042,NR,Art House and International|Drama,95.0
1043,PG-13,Action and Adventure|Drama|Mystery and Suspense|Science Fiction and Fantasy|Faith and Spirituality,100.0
1044,R,Drama,89.0
1045,NR,Action and Adventure|Art House and International|Drama|Mystery and Suspense|Romance,133.0
1046,R,Drama,126.0
1047,G,Drama|Musical and Performing Arts,95.0
1048,PG,Classics|Comedy|Mystery and Suspense,100.0
1049,NR,Art House and International|Drama|Romance,102.0
1050,PG,Comedy|Kids and Family|Science Fiction and Fantasy,104.0
1051,NR,Drama,100.0
1054,R,Comedy|Drama,83.0
1055,R,Art House and International|Drama,98.0
1056,R,Comedy|Drama,126.0
1060,PG,Comedy,86.0
1061,NR,Comedy|Drama|Romance,106.0
1062,NR,Classics|Drama|Mystery and Suspense,117.0
1064,NR,Art House and International|Drama,98.0
1065,PG,Action and Adventure|Kids and Family,98.0
1066,NR,Art House and International|Drama,80.0
1067,R,Drama|Romance,130.0
1069,NR,Drama,90.0
1070,R,Drama|Mystery and Suspense,106.0
1071,R,Drama,127.0
1072,NR,Drama|Television,90.0
1074,NR,Drama,90.0
1075,NR,Art House and International|Classics|Drama,110.0
1076,NR,Documentary|Special Interest,93.0
1077,PG-13,Action and Adventure|Mystery and Suspense|Science Fiction and Fantasy,126.0
1078,R,Action and Adventure|Mystery and Suspense,99.0
1079,R,Comedy|Drama|Mystery and Suspense,86.0
1080,PG-13,Drama|Musical and Performing Arts|Romance,112.0
1081,R,Action and Adventure|Art House and International|Classics|Drama|Romance,126.0
1082,PG,Classics|Drama,167.0
1083,PG-13,Comedy|Drama|Romance,100.0
1084,R,Drama,100.0
1085,NR,Art House and International|Drama,118.0
1086,PG,Science Fiction and Fantasy,105.0
1089,R,Comedy|Drama|Science Fiction and Fantasy,100.0
1090,R,Classics|Comedy,95.0
1091,PG-13,Drama,145.0
1092,PG-13,Drama|Mystery and Suspense,120.0
1093,R,Classics|Comedy,114.0
1094,PG,Comedy|Science Fiction and Fantasy,96.0
1095,R,Comedy,95.0
1096,R,Action and Adventure|Drama,90.0
1097,NR,Classics|Drama|Western,99.0
1099,NR,Classics|Drama|Mystery and Suspense,92.0
1100,NR,Documentary|Drama,107.0
1101,PG,Comedy|Drama,113.0
1102,PG,Classics|Drama,156.0
1103,PG,Animation|Comedy|Kids and Family,89.0
1104,PG,Action and Adventure|Drama|Mystery and Suspense,111.0
1106,NR,Classics|Drama|Romance,80.0
1108,R,Horror|Mystery and Suspense,95.0
1110,NR,Documentary|Special Interest,97.0
1112,PG,Drama,128.0
1113,R,Comedy|Drama,112.0
1114,R,Comedy|Drama,122.0
1115,NR,Action and Adventure|Comedy|Drama,188.0
1116,R,Comedy,105.0
1119,NR,Drama|Mystery and Suspense,80.0
1120,NR,Comedy,90.0
1121,PG,Action and Adventure|Classics|Comedy|Drama,105.0
1122,R,Drama,90.0
1123,PG,Comedy|Musical and Performing Arts|Television,94.0
1125,NR,Art House and International|Documentary,110.0
1126,NR,Classics|Drama|Romance,117.0
1128,R,Comedy|Romance,90.0
1131,NR,Comedy|Drama,88.0
1132,R,Action and Adventure|Drama,96.0
1133,R,Drama|Mystery and Suspense,94.0
1134,R,Documentary|Drama|Special Interest,57.0
1136,PG-13,Action and Adventure|Science Fiction and Fantasy,170.0
1137,NR,Classics|Comedy|Drama,99.0
1138,PG-13,Comedy,96.0
1140,R,Comedy|Documentary,84.0
1141,R,Action and Adventure|Western,102.0
1143,PG,Drama,95.0
1144,PG-13,Drama,106.0
1145,PG-13,Comedy,93.0
1146,NR,Art House and International|Comedy|Drama|Romance,104.0
1147,NR,Comedy|Science Fiction and Fantasy,120.0
1148,PG,Comedy|Drama,82.0
1149,PG,Drama|Faith and Spirituality,111.0
1150,PG-13,Comedy,89.0
1152,NR,Drama,68.0
1153,NR,Classics|Horror,80.0
1154,G,Action and Adventure|Animation|Comedy|Drama|Kids and Family|Musical and Performing Arts,75.0
1155,PG-13,Documentary|Special Interest,96.0
1156,G,Action and Adventure|Animation|Classics|Comedy|Kids and Family|Musical and Performing Arts,96.0
1158,NR,Action and Adventure|Drama|Mystery and Suspense,133.0
1159,NR,Classics|Comedy|Drama|Musical and Performing Arts,121.0
1160,NR,Action and Adventure|Art House and International,110.0
1161,R,Action and Adventure|Art House and International|Drama|Mystery and Suspense,105.0
1162,R,Comedy|Drama,111.0
1163,R,Art House and International|Drama|Romance,105.0
1164,R,Drama,112.0
1166,NR,Art House and International|Drama,116.0
1167,R,Comedy,93.0
1168,NR,Action and Adventure|Drama,84.0
1169,PG-13,Horror,83.0
1170,R,Art House and International|Comedy|Drama,92.0
1171,PG-13,Action and Adventure|Mystery and Suspense,105.0
1172,NR,Action and Adventure|Art House and International|Drama,116.0
1173,R,Art House and International|Drama,205.0
1175,R,Art House and International|Drama,125.0
1176,NR,Animation|Kids and Family,80.0
1179,R,Comedy|Drama,119.0
1180,PG,Animation|Kids and Family|Science Fiction and Fantasy,76.0
1182,PG,Documentary|Musical and Performing Arts,121.0
1183,R,Comedy|Drama|Romance,102.0
1185,NR,Drama,116.0
1186,R,Drama|Romance,144.0
1187,NR,Art House and International,100.0
1189,PG,Art House and International|Classics|Drama,115.0
1191,NR,Classics|Comedy|Musical and Performing Arts,89.0
1192,NR,Horror,90.0
1194,NR,Art House and International|Comedy|Mystery and Suspense,96.0
1195,NR,Drama,90.0
1196,NR,Classics|Musical and Performing Arts,120.0
1197,R,Art House and International|Drama|Special Interest,135.0
1199,PG-13,Comedy,107.0
1200,R,Action and Adventure|Drama|Western,159.0
1203,PG,Art House and International|Drama,157.0
1206,PG-13,Mystery and Suspense|Science Fiction and Fantasy,108.0
1207,R,Drama|Mystery and Suspense,95.0
1208,PG,Animation|Comedy|Kids and Family,115.0
1209,NR,Drama|Horror,60.0
1210,PG-13,Comedy|Drama|Romance,98.0
1211,PG,Art House and International|Comedy|Drama,103.0
1214,R,Drama|Mystery and Suspense,93.0
1215,NR,Mystery and Suspense,120.0
1216,NR,Comedy|Drama,85.0
1217,R,Action and Adventure|Drama,114.0
1218,R,Comedy|Romance,110.0
1219,PG,Action and Adventure|Kids and Family|Science Fiction and Fantasy,136.0
1220,NR,Drama|Mystery and Suspense,88.0
1221,R,Drama|Science Fiction and Fantasy|Western,121.0
1222,R,Drama,132.0
1223,PG-13,Comedy|Drama|Romance,107.0
1224,NR,Action and Adventure|Drama,120.0
1225,NR,Drama|Romance,100.0
1226,R,Drama,107.0
1227,PG-13,Action and Adventure|Drama|Western,97.0
1228,PG,Classics|Comedy|Musical and Performing Arts|Romance,108.0
1229,NR,Documentary,10.0
1231,R,Mystery and Suspense|Science Fiction and Fantasy|Western,103.0
1232,NR,Drama|Television,120.0
1234,R,Comedy|Drama|Special Interest,100.0
1235,PG,Art House and International|Comedy|Drama|Science Fiction and Fantasy|Special Interest,101.0
1236,R,Drama,126.0
1237,PG-13,Comedy,89.0
1238,PG,Comedy,91.0
1239,G,Animation|Kids and Family,67.0
1241,NR,Comedy|Romance,80.0
1242,NR,Classics|Comedy|Drama,101.0
1243,PG-13,Drama,136.0
1244,PG,Comedy|Romance,114.0
1246,NR,Comedy|Special Interest,30.0
1252,PG-13,Action and Adventure|Comedy|Western,110.0
1253,PG-13,Art House and International|Comedy|Drama,100.0
1255,PG-13,Action and Adventure|Drama|Science Fiction and Fantasy,127.0
1256,R,Drama|Mystery and Suspense|Science Fiction and Fantasy,99.0
1257,R,Animation|Art House and International|Comedy|Special Interest,88.0
1259,NR,Documentary|Sports and Fitness,90.0
1260,NR,Documentary|Special Interest|Television,84.0
1261,R,Comedy|Drama,115.0
1263,PG-13,Comedy|Romance,86.0
1264,R,Mystery and Suspense,90.0
1265,PG-13,Comedy|Drama,103.0
1266,R,Drama|Mystery and Suspense,96.0
1267,NR,Action and Adventure|Kids and Family|Science Fiction and Fantasy,90.0
1268,R,Comedy,91.0
1270,NR,Art House and International|Drama,120.0
1271,R,Horror,111.0
1272,NR,Classics|Drama|Romance,115.0
1273,PG,Drama,77.0
1274,R,Comedy|Drama,105.0
1275,NR,Drama,11.0
1276,NR,Classics|Drama|Mystery and Suspense,89.0
1277,PG-13,Action and Adventure|Drama|Horror|Science Fiction and Fantasy,109.0
1279,PG,Comedy|Kids and Family,89.0
1280,NR,Action and Adventure|Comedy,92.0
1281,PG-13,Comedy|Romance,108.0
1282,NR,Documentary|Drama,130.0
1283,NR,Documentary|Special Interest,58.0
1284,NR,Action and Adventure|Art House and International|Drama,120.0
1285,NR,Comedy|Science Fiction and Fantasy,70.0
1286,NR,Art House and International,105.0
1287,G,Art House and International|Documentary|Drama|Musical and Performing Arts|Special Interest,95.0
1288,PG,Comedy,91.0
1289,R,Art House and International|Comedy|Drama,98.0
1290,R,Action and Adventure|Drama|Horror|Mystery and Suspense,92.0
1291,PG-13,Comedy,101.0
1292,R,Art House and International|Drama,103.0
1293,NR,Art House and International|Drama,92.0
1295,PG,Science Fiction and Fantasy,97.0
1296,NR,Drama,104.0
1297,R,Drama,102.0
1298,PG-13,Comedy|Science Fiction and Fantasy,101.0
1300,R,Drama,108.0
1304,NR,Action and Adventure|Art House and International|Drama,104.0
1305,PG,Animation|Comedy|Kids and Family,90.0
1307,PG-13,Drama,98.0
1308,R,Action and Adventure|Art House and International|Drama|Mystery and Suspense,126.0
1309,NR,Drama|Mystery and Suspense,91.0
1310,NR,Action and Adventure|Classics|Western,96.0
1311,PG,Action and Adventure|Art House and International|Mystery and Suspense,126.0
1313,PG-13,Comedy,95.0
1314,NR,Action and Adventure|Art House and International|Classics|Drama,178.0
1315,PG,Action and Adventure|Comedy|Kids and Family|Mystery and Suspense,88.0
1317,PG-13,Comedy|Drama|Romance,103.0
1318,NR,Animation|Kids and Family,75.0
1319,PG,Action and Adventure|Comedy,96.0
1320,R,Drama,111.0
1321,PG-13,Drama,138.0
1322,R,Horror|Science Fiction and Fantasy,82.0
1324,NR,Art House and International|Comedy|Drama|Science Fiction and Fantasy,175.0
1325,R,Action and Adventure|Horror|Science Fiction and Fantasy,90.0
1326,NR,Art House and International|Drama,89.0
1327,PG-13,Drama,110.0
1329,R,Drama|Mystery and Suspense,110.0
1330,R,Drama|Mystery and Suspense,119.0
1331,PG,Art House and International|Drama,109.0
1332,NR,Drama|Television,240.0
1334,PG-13,Comedy|Romance,104.0
1335,R,Comedy,98.0
1336,R,Art House and International|Classics|Horror|Mystery and Suspense,95.0
1337,PG-13,Comedy|Drama,108.0
1338,R,Art House and International|Comedy,89.0
1339,PG,Comedy|Romance,92.0
1340,PG-13,Comedy|Drama|Mystery and Suspense,92.0
1341,PG,Action and Adventure|Comedy|Kids and Family,99.0
1342,PG,Action and Adventure|Comedy|Kids and Family,105.0
1343,NR,Action and Adventure|Art House and International|Drama,100.0
1344,NR,Classics|Drama,149.0
1346,G,Classics|Drama|Mystery and Suspense,143.0
1347,NR,Comedy|Drama|Romance,118.0
1349,NR,Comedy|Drama,102.0
1350,NR,Art House and International|Drama,88.0
1351,NR,Art House and International|Documentary|Drama,108.0
1352,R,Comedy,93.0
1353,NR,Classics|Comedy,97.0
1354,PG,Action and Adventure|Comedy|Drama|Kids and Family,94.0
1355,NR,Art House and International|Mystery and Suspense,85.0
1357,PG,Action and Adventure|Classics|Drama|Romance,105.0
1358,G,Classics|Comedy|Drama|Romance,129.0
1359,NR,Classics|Comedy|Musical and Performing Arts|Romance,99.0
1361,PG,Action and Adventure|Classics|Drama|Horror|Mystery and Suspense|Science Fiction and Fantasy,91.0
1362,PG-13,Drama,90.0
1363,R,Comedy|Mystery and Suspense,99.0
1364,PG,Comedy,92.0
1365,R,Art House and International|Horror,93.0
1366,R,Action and Adventure|Comedy|Drama|Mystery and Suspense,105.0
1368,R,Action and Adventure|Drama|Mystery and Suspense,127.0
1369,R,Drama,91.0
1370,NR,Drama,101.0
1372,NR,Action and Adventure,93.0
1373,NR,Drama|Television,180.0
1374,NR,Drama,90.0
1375,PG,Classics|Comedy|Drama,113.0
1376,PG-13,Comedy,107.0
1377,NR,Action and Adventure|Drama,110.0
1378,PG,Comedy|Drama,94.0
1379,PG,Action and Adventure,92.0
1380,NR,Art House and International|Drama|Special Interest,96.0
1381,R,Comedy|Romance,129.0
1382,R,Horror|Mystery and Suspense,85.0
1383,PG,Animation|Comedy|Kids and Family,86.0
1385,NR,Classics|Comedy,109.0
1386,G,Art House and International|Comedy|Horror,107.0
1387,R,Drama|Mystery and Suspense,120.0
1388,NR,Classics|Horror|Science Fiction and Fantasy,85.0
1389,PG-13,Action and Adventure|Comedy,90.0
1390,R,Art House and International|Comedy|Drama|Gay and Lesbian,99.0
1391,G,Drama|Mystery and Suspense,81.0
1392,PG-13,Comedy|Drama|Romance,139.0
1393,R,UNKOWN,84.0
1394,R,Comedy,87.0
1395,NR,Drama|Mystery and Suspense,79.0
1396,PG-13,Drama|Musical and Performing Arts,95.0
1397,NR,Action and Adventure|Mystery and Suspense,112.0
1398,PG,Drama|Kids and Family|Faith and Spirituality,110.0
1399,R,Drama|Horror,91.0
1400,R,Drama|Mystery and Suspense,105.0
1402,PG,Action and Adventure|Science Fiction and Fantasy,98.0
1403,NR,Action and Adventure|Comedy|Musical and Performing Arts|Science Fiction and Fantasy|Western,94.0
1405,PG,Action and Adventure|Drama,93.0
1406,NR,Comedy|Romance,96.0
1407,NR,Action and Adventure|Classics|Comedy|Musical and Performing Arts,70.0
1408,R,Art House and International|Comedy|Drama,101.0
1409,NR,Art House and International|Classics|Comedy|Drama|Romance,90.0
1410,NR,Documentary,83.0
1411,R,Horror|Mystery and Suspense,115.0
1412,NR,Classics|Comedy|Drama|Musical and Performing Arts,82.0
1413,NR,Drama|Musical and Performing Arts,69.0
1415,NR,Action and Adventure|Art House and International|Drama|Mystery and Suspense,114.0
1418,G,Action and Adventure|Animation|Comedy|Drama|Kids and Family,85.0
1419,NR,Classics|Comedy|Kids and Family|Romance,91.0
1420,R,Comedy|Drama,93.0
1423,G,Action and Adventure|Comedy|Kids and Family|Mystery and Suspense|Science Fiction and Fantasy,93.0
1424,PG-13,Action and Adventure|Horror|Kids and Family|Science Fiction and Fantasy,118.0
1426,R,Horror|Science Fiction and Fantasy,90.0
1428,R,Comedy|Drama|Romance,115.0
1431,R,Drama,128.0
1433,NR,Action and Adventure|Science Fiction and Fantasy,83.0
1434,NR,Drama|Romance,294.0
1435,PG-13,Comedy,114.0
1436,NR,Classics|Comedy|Romance,112.0
1437,R,Horror|Mystery and Suspense,94.0
1439,R,Action and Adventure|Drama|Mystery and Suspense,99.0
1441,NR,Comedy,85.0
1442,PG,Kids and Family|Science Fiction and Fantasy,161.0
1443,NR,Classics|Horror|Mystery and Suspense,123.0
1444,R,Drama|Mystery and Suspense,95.0
1445,NR,Classics|Comedy|Romance,110.0
1446,PG-13,Comedy,108.0
1447,R,Art House and International|Drama|Mystery and Suspense,117.0
1448,G,Classics|Drama,108.0
1449,PG-13,Comedy|Horror|Mystery and Suspense,94.0
1450,R,Drama|Romance,111.0
1451,NR,Mystery and Suspense|Science Fiction and Fantasy,90.0
1453,PG-13,Comedy|Romance,119.0
1454,R,Comedy,95.0
1457,NR,Classics|Drama|Science Fiction and Fantasy,85.0
1458,NR,Art House and International|Mystery and Suspense,110.0
1459,NR,Documentary|Drama,96.0
1460,NR,Action and Adventure|Art House and International|Drama,101.0
1462,NR,Drama,83.0
1463,R,Comedy,104.0
1464,PG,Action and Adventure|Drama|Science Fiction and Fantasy,136.0
1465,NR,Drama,93.0
1466,PG-13,Drama,99.0
1467,R,Drama|Horror|Mystery and Suspense,93.0
1468,NR,Western,58.0
1470,NR,Classics|Comedy,96.0
1471,R,Classics|Comedy|Drama,105.0
1472,NR,Drama|Mystery and Suspense,119.0
1473,NR,Action and Adventure|Horror,90.0
1474,R,Drama,103.0
1475,PG,Action and Adventure|Animation|Kids and Family|Science Fiction and Fantasy,94.0
1476,R,Art House and International|Comedy|Drama,126.0
1477,G,Comedy|Kids and Family|Science Fiction and Fantasy,90.0
1478,NR,Comedy,90.0
1480,NR,Classics|Drama|Romance,72.0
1482,NR,Drama,85.0
1483,R,Drama,118.0
1484,PG,Action and Adventure|Classics|Drama|Mystery and Suspense|Romance,120.0
1485,R,Action and Adventure|Comedy,104.0
1486,NR,Art House and International|Drama|Mystery and Suspense|Romance,92.0
1487,PG-13,Comedy|Romance,106.0
1488,G,Animation|Kids and Family|Science Fiction and Fantasy,84.0
1489,PG,Animation|Kids and Family|Science Fiction and Fantasy,107.0
1490,PG-13,Art House and International|Comedy|Drama,105.0
1492,PG-13,Comedy,89.0
1493,NR,Western,82.0
1494,R,Drama|Mystery and Suspense,157.0
1495,NR,Drama|Mystery and Suspense,90.0
1496,PG-13,Drama|Romance,105.0
1497,PG,Comedy,86.0
1498,NR,Art House and International|Comedy|Drama|Musical and Performing Arts,179.0
1499,NR,Documentary|Special Interest,56.0
1501,R,Classics|Drama,150.0
1502,NR,Action and Adventure|Art House and International|Comedy,102.0
1503,R,Action and Adventure|Comedy|Drama,114.0
1504,R,Action and Adventure|Art House and International|Comedy|Drama|Mystery and Suspense,96.0
1505,R,Drama|Musical and Performing Arts,100.0
1506,NR,Art House and International|Comedy|Drama,120.0
1507,PG,Comedy,85.0
1508,NR,Documentary|Special Interest|Faith and Spirituality,94.0
1509,R,Comedy,95.0
1510,NR,Science Fiction and Fantasy,100.0
1511,NR,Animation|Science Fiction and Fantasy,108.0
1512,R,Action and Adventure|Drama|Mystery and Suspense|Science Fiction and Fantasy,113.0
1513,NR,Art House and International|Drama|Romance,99.0
1514,PG,Action and Adventure|Drama,119.0
1516,R,Drama|Mystery and Suspense,98.0
1517,PG,Comedy|Television,115.0
1518,NR,Action and Adventure|Classics|Western,70.0
1519,PG-13,Drama,98.0
1520,PG-13,Drama|Musical and Performing Arts,112.0
1522,R,Comedy|Drama|Romance,101.0
1523,PG-13,Comedy,119.0
1525,PG-13,Action and Adventure|Mystery and Suspense,145.0
1526,NR,Action and Adventure|Drama,84.0
1527,PG-13,Comedy,110.0
1528,R,Art House and International|Comedy|Romance,97.0
1529,R,Drama|Romance,120.0
1530,NR,Action and Adventure,90.0
1532,NR,Action and Adventure|Classics|Science Fiction and Fantasy,115.0
1533,NR,Art House and International|Comedy,183.0
1534,NR,Action and Adventure|Art House and International|Drama,107.0
1535,PG-13,Action and Adventure|Drama|Mystery and Suspense,108.0
1536,R,Comedy,88.0
1539,R,Art House and International|Comedy|Drama|Mystery and Suspense,102.0
1540,PG,Action and Adventure|Drama|Mystery and Suspense,103.0
1541,PG,Action and Adventure|Comedy|Kids and Family,90.0
1542,R,Horror|Mystery and Suspense,84.0
1545,PG-13,Drama|Musical and Performing Arts,117.0
1547,PG,Drama|Mystery and Suspense,107.0
1549,NR,Art House and International|Classics|Drama,97.0
1550,NR,Action and Adventure|Drama,93.0
1553,NR,Action and Adventure|Drama|Mystery and Suspense|Romance,161.0
1554,G,Kids and Family|Musical and Performing Arts,95.0
1555,G,Classics|Comedy|Musical and Performing Arts|Western,97.0
1557,NR,Art House and International|Drama,87.0
1560,NR,Comedy|Drama,100.0
1561,R,Comedy,109.0
1564,PG-13,Comedy,89.0
1565,NR,Documentary,60.0
1567,NC17,Comedy,89.0
1568,R,Action and Adventure|Western,84.0
1570,PG,Drama|Science Fiction and Fantasy,101.0
1572,PG,Drama|Musical and Performing Arts,125.0
1573,NR,Documentary,71.0
1574,R,Comedy,104.0
1575,NR,Action and Adventure|Western,196.0
1576,R,Documentary|Drama,88.0
1577,PG,Drama|Musical and Performing Arts,113.0
1579,R,Drama,104.0
1581,NR,Art House and International|Drama|Horror|Mystery and Suspense,85.0
1582,R,Action and Adventure|Art House and International,101.0
1583,G,Art House and International|Drama,100.0
1584,NR,Action and Adventure|Drama,91.0
1585,PG-13,Comedy|Romance,120.0
1586,R,Drama|Mystery and Suspense,87.0
1588,PG-13,Action and Adventure|Drama|Mystery and Suspense,130.0
1591,NR,Art House and International|Drama|Romance,91.0
1593,PG-13,Action and Adventure|Science Fiction and Fantasy,105.0
1597,R,Action and Adventure|Comedy|Horror|Romance,113.0
1598,PG-13,Action and Adventure|Drama|Mystery and Suspense,100.0
1599,NR,Art House and International|Horror|Mystery and Suspense,85.0
1600,PG-13,Action and Adventure|Science Fiction and Fantasy,134.0
1601,PG,Action and Adventure|Animation|Kids and Family,107.0
1602,PG,Drama|Musical and Performing Arts|Faith and Spirituality,92.0
1603,R,Drama,100.0
1604,G,Animation|Art House and International|Kids and Family,75.0
1605,R,Drama,90.0
1606,R,Art House and International|Drama,84.0
1607,NR,Comedy,85.0
1608,PG-13,Action and Adventure|Drama,112.0
1609,NR,Art House and International,195.0
1610,R,Comedy|Drama,113.0
1611,PG-13,Art House and International|Drama|Mystery and Suspense|Romance,97.0
1612,PG-13,Comedy|Romance,104.0
1613,NR,Drama|Mystery and Suspense|Television,95.0
1614,NR,Documentary|Special Interest,89.0
1615,PG,Art House and International|Drama,95.0
1616,PG,Classics|Drama|Mystery and Suspense,86.0
1618,PG-13,Action and Adventure|Art House and International|Drama,119.0
1620,R,Action and Adventure|Anime and Manga|Art House and International|Science Fiction and Fantasy,92.0
1622,PG,Art House and International|Documentary|Faith and Spirituality,102.0
1623,R,Comedy|Drama,91.0
1624,PG,Classics|Science Fiction and Fantasy,99.0
1626,NR,Art House and International|Comedy|Horror|Mystery and Suspense,99.0
1627,R,Drama|Mystery and Suspense,129.0
1628,R,Comedy|Drama|Romance,124.0
1629,NR,Art House and International|Drama,86.0
1630,NR,Classics|Comedy|Romance,95.0
1631,NR,Art House and International|Mystery and Suspense,88.0
1632,R,Drama|Mystery and Suspense,117.0
1633,NR,Art House and International|Drama,88.0
1636,PG,Drama|Special Interest|Sports and Fitness,112.0
1638,R,Comedy|Mystery and Suspense|Romance,95.0
1639,NR,Art House and International|Drama,95.0
1640,PG-13,Comedy,94.0
1641,PG,Action and Adventure|Comedy|Kids and Family,93.0
1642,NR,Classics|Comedy|Drama,105.0
1643,R,Action and Adventure|Science Fiction and Fantasy,85.0
1644,PG-13,Action and Adventure|Drama|Western,133.0
1645,R,Drama|Mystery and Suspense,102.0
1646,R,Drama,115.0
1647,PG,Action and Adventure|Classics|Drama|Mystery and Suspense,125.0
1650,NR,Science Fiction and Fantasy,94.0
1651,R,Art House and International|Drama,104.0
1653,NR,Drama,97.0
1654,PG,Action and Adventure|Drama|Mystery and Suspense,83.0
1655,NR,Action and Adventure|Art House and International|Mystery and Suspense,142.0
1656,R,Drama,101.0
1657,NR,Action and Adventure,141.0
1659,NR,Mystery and Suspense,95.0
1660,NR,Science Fiction and Fantasy,76.0
1661,NR,Art House and International|Drama,97.0
1663,NR,Comedy,111.0
1665,R,Action and Adventure|Comedy,85.0
1667,PG-13,Comedy|Horror|Science Fiction and Fantasy,95.0
1668,NR,Comedy|Drama|Musical and Performing Arts,100.0
1669,R,Drama,106.0
1671,NR,Documentary|Musical and Performing Arts,80.0
1672,NR,Classics|Comedy|Western,94.0
1673,R,Action and Adventure|Comedy|Drama|Mystery and Suspense,106.0
1674,NR,Documentary|Special Interest,89.0
1677,PG,Comedy|Drama|Kids and Family,107.0
1678,PG,Action and Adventure|Drama|Mystery and Suspense,114.0
1679,NR,Horror,97.0
1680,R,Drama,85.0
1681,NR,Art House and International|Drama,94.0
1682,PG-13,Drama,120.0
1684,PG,Comedy,90.0
1685,R,Drama|Mystery and Suspense,118.0
1686,PG-13,Action and Adventure|Comedy,90.0
1689,NR,Classics|Drama,140.0
1690,PG,Action and Adventure|Animation|Kids and Family|Science Fiction and Fantasy,95.0
1691,R,Drama|Science Fiction and Fantasy,107.0
1692,PG,Classics|Drama|Musical and Performing Arts,90.0
1693,PG-13,Drama,109.0
1695,PG-13,Action and Adventure|Drama|Mystery and Suspense,108.0
1696,R,Art House and International|Comedy|Drama,188.0
1698,PG,Comedy|Kids and Family,94.0
1699,G,Animation|Comedy|Kids and Family,80.0
1700,NR,Drama,119.0
1701,R,Action and Adventure|Drama|Mystery and Suspense,105.0
1702,PG-13,Documentary|Drama,119.0
1703,PG,Art House and International|Classics|Drama,179.0
1704,PG-13,Drama|Mystery and Suspense,114.0
1705,NR,Drama|Television,120.0
1707,PG-13,Action and Adventure|Mystery and Suspense,110.0
1710,PG-13,Action and Adventure|Classics|Drama,108.0
1711,G,Comedy|Kids and Family,113.0
1712,NR,Art House and International|Drama,105.0
1713,G,Drama|Romance,114.0
1714,NR,Drama,80.0
1716,NR,Drama,113.0
1718,PG-13,Drama,132.0
1720,R,Action and Adventure,101.0
1721,R,Comedy|Drama,98.0
1722,PG-13,Action and Adventure|Drama|Mystery and Suspense,131.0
1723,NR,Action and Adventure|Kids and Family,83.0
1724,R,Action and Adventure|Mystery and Suspense,117.0
1727,NR,Western,71.0
1729,PG-13,Action and Adventure|Art House and International|Classics|Drama,142.0
1730,PG,Action and Adventure|Comedy|Kids and Family|Science Fiction and Fantasy,97.0
1731,R,Horror,90.0
1732,R,Action and Adventure|Drama,119.0
1733,NR,Drama,90.0
1734,NR,Classics|Drama|Musical and Performing Arts,125.0
1735,NR,Art House and International|Drama,108.0
1736,NR,UNKOWN,90.0
1737,R,Horror,96.0
1738,NR,Drama,120.0
1739,NR,Documentary|Drama|Special Interest,88.0
1740,R,Action and Adventure,91.0
1741,PG-13,Action and Adventure|Art House and International|Comedy|Drama,90.0
1742,PG,Action and Adventure|Comedy|Kids and Family|Science Fiction and Fantasy|Romance,98.0
1743,G,Animation|Kids and Family|Science Fiction and Fantasy,100.0
1744,PG-13,Classics|Drama,229.0
1745,PG,Comedy|Drama,110.0
1746,NR,Art House and International|Drama|Special Interest,90.0
1747,R,Drama|Mystery and Suspense,81.0
1749,PG-13,Drama|Mystery and Suspense|Romance,114.0
1750,R,Comedy|Drama,139.0
1751,R,Comedy|Drama,108.0
1752,R,Drama|Mystery and Suspense,149.0
1753,NR,Comedy,5.0
1754,R,Drama|Horror|Mystery and Suspense,97.0
1756,NR,Art House and International|Drama,107.0
1757,PG-13,Drama|Musical and Performing Arts|Romance,112.0
1758,PG-13,Action and Adventure|Drama,112.0
1760,PG,Comedy|Kids and Family,88.0
1761,NR,Classics|Drama,77.0
1762,PG-13,Drama,109.0
1763,R,Action and Adventure|Science Fiction and Fantasy,120.0
1765,R,Comedy|Horror,92.0
1767,R,Comedy|Drama|Horror|Mystery and Suspense,97.0
1768,NR,Documentary,90.0
1769,PG,Comedy|Science Fiction and Fantasy,92.0
1770,R,Action and Adventure|Drama|Mystery and Suspense,91.0
1771,NR,Action and Adventure|Drama,89.0
1772,R,Horror|Science Fiction and Fantasy|Television|Romance,89.0
1773,PG-13,Comedy,104.0
1774,NR,Art House and International|Drama,112.0
1775,R,Action and Adventure|Comedy|Drama,118.0
1776,R,Comedy|Drama,111.0
1777,R,Action and Adventure|Drama|Mystery and Suspense,122.0
1778,NR,Documentary|Special Interest,79.0
1779,PG,Action and Adventure|Drama|Mystery and Suspense|Special Interest,91.0
1781,PG-13,Comedy|Drama|Musical and Performing Arts|Romance,116.0
1784,NR,Action and Adventure|Classics,89.0
1785,R,Action and Adventure|Horror|Mystery and Suspense,100.0
1786,R,Art House and International|Drama|Mystery and Suspense|Romance,110.0
1787,R,Drama|Horror|Science Fiction and Fantasy,97.0
1788,PG,Drama|Romance,119.0
1789,R,Drama,117.0
1790,R,Comedy|Drama,126.0
1793,R,Action and Adventure|Comedy|Drama,116.0
1794,NR,Art House and International|Drama|Science Fiction and Fantasy,122.0
1795,PG,Action and Adventure|Art House and International|Classics|Drama|Mystery and Suspense,112.0
1797,R,Action and Adventure|Drama|Mystery and Suspense,91.0
1798,PG,Animation|Comedy|Kids and Family,80.0
1799,NR,Drama,85.0
1800,R,Comedy|Drama|Musical and Performing Arts,110.0
1801,PG-13,Drama,133.0
1802,NR,Action and Adventure|Classics|Western|Romance,95.0
1803,PG-13,Comedy|Drama,117.0
1804,PG-13,Comedy|Science Fiction and Fantasy|Romance,104.0
1805,NR,Drama,112.0
1807,R,Art House and International|Comedy|Drama|Romance,92.0
1808,R,Action and Adventure|Drama,148.0
1809,R,Comedy|Horror,95.0
1812,PG,Action and Adventure|Comedy,114.0
1813,G,Drama|Horror|Science Fiction and Fantasy,90.0
1814,NR,Art House and International|Comedy|Drama|Romance,89.0
1815,NR,Comedy|Musical and Performing Arts,127.0
1816,PG-13,Comedy|Drama,118.0
1818,PG,Action and Adventure|Mystery and Suspense,90.0
1819,PG-13,Action and Adventure|Science Fiction and Fantasy,140.0
1820,NR,Comedy|Drama|Special Interest,83.0
1821,NR,Art House and International|Comedy|Drama,90.0
1822,PG-13,Art House and International|Documentary,99.0
1823,NR,Art House and International|Comedy|Drama,111.0
1824,NR,Art House and International|Drama,114.0
1825,NR,Drama|Science Fiction and Fantasy,90.0
1826,PG,Action and Adventure|Drama|Mystery and Suspense,131.0
1828,NR,Art House and International|Drama|Romance,108.0
1829,NR,Animation|Kids and Family,60.0
1830,NR,Documentary|Special Interest|Sports and Fitness,95.0
1832,R,Drama,118.0
1834,R,Drama|Science Fiction and Fantasy,106.0
1835,R,Comedy|Drama,105.0
1837,PG,Drama|Romance,120.0
1839,PG,Documentary,111.0
1840,R,Drama|Romance,118.0
1841,R,Action and Adventure|Drama|Mystery and Suspense,105.0
1843,PG-13,Art House and International|Comedy|Drama,108.0
1844,R,Comedy|Drama,97.0
1845,R,Drama|Mystery and Suspense,100.0
1847,NR,Classics|Musical and Performing Arts|Western,107.0
1848,R,Action and Adventure|Art House and International|Drama|Mystery and Suspense|Science Fiction and Fantasy|Special Interest,85.0
1849,NR,Art House and International|Comedy|Documentary|Television,96.0
1850,PG-13,Drama,112.0
1851,NR,Animation|Special Interest,72.0
1852,NR,Art House and International|Drama,100.0
1853,PG-13,Comedy,106.0
1854,PG,Action and Adventure|Drama|Romance,68.0
1855,G,Action and Adventure|Kids and Family|Science Fiction and Fantasy,90.0
1857,R,Action and Adventure|Mystery and Suspense,97.0
1858,G,Classics|Comedy|Musical and Performing Arts|Romance,96.0
1859,R,Action and Adventure|Drama,99.0
1860,NR,Classics|Western,94.0
1861,R,Art House and International|Horror|Science Fiction and Fantasy,80.0
1862,PG-13,Drama|Musical and Performing Arts|Special Interest,109.0
1863,NR,Comedy|Drama,86.0
1864,NR,Drama,94.0
1865,R,Drama,115.0
1866,NR,Classics|Comedy|Drama|Romance,98.0
1867,G,Action and Adventure|Classics|Drama|Western,180.0
1869,R,Action and Adventure,81.0
1870,R,Horror,87.0
1871,R,Drama,112.0
1873,R,Horror,90.0
1874,R,Horror,91.0
1875,PG-13,Comedy,87.0
1876,NR,Art House and International|Drama,103.0
1877,PG-13,Action and Adventure|Comedy|Drama,92.0
1879,PG,Art House and International|Drama|Faith and Spirituality,120.0
1880,R,Horror|Mystery and Suspense,98.0
1881,PG,Comedy|Drama|Science Fiction and Fantasy,131.0
1882,PG,Animation|Comedy|Kids and Family|Science Fiction and Fantasy,114.0
1883,PG,Action and Adventure|Drama|Mystery and Suspense,114.0
1884,PG-13,Comedy,83.0
1885,NR,Action and Adventure|Science Fiction and Fantasy,103.0
1886,PG,Action and Adventure|Drama,140.0
1888,R,Horror,92.0
1889,PG,Drama,155.0
1890,R,Animation|Comedy,89.0
1891,NR,Action and Adventure|Art House and International|Drama,89.0
1892,PG,Action and Adventure|Drama|Mystery and Suspense,124.0
1894,R,Art House and International|Drama|Romance,127.0
1896,PG,Action and Adventure|Drama|Science Fiction and Fantasy,133.0
1897,NR,Comedy,92.0
1898,R,Action and Adventure|Art House and International|Drama,103.0
1899,PG,Comedy|Horror|Science Fiction and Fantasy,93.0
1900,R,Action and Adventure|Drama,60.0
1901,R,Action and Adventure|Art House and International|Drama|Mystery and Suspense,104.0
1902,NR,Horror|Mystery and Suspense,78.0
1903,R,Action and Adventure|Science Fiction and Fantasy,111.0
1905,R,Art House and International|Comedy|Drama,109.0
1907,PG-13,Animation|Science Fiction and Fantasy,106.0
1908,NR,Science Fiction and Fantasy|Romance,75.0
1910,R,Drama,123.0
1911,PG,Classics|Drama|Mystery and Suspense,95.0
1912,PG,Comedy,106.0
1913,NR,Action and Adventure,90.0
1914,R,Art House and International|Drama,115.0
1916,NR,Drama|Mystery and Suspense|Television,100.0
1918,NR,Action and Adventure|Classics|Documentary,290.0
1920,NR,Action and Adventure|Art House and International|Drama|Horror|Mystery and Suspense,100.0
1922,PG-13,Comedy,90.0
1923,PG,Comedy|Drama|Science Fiction and Fantasy,116.0
1924,PG-13,Action and Adventure|Drama|Mystery and Suspense,112.0
1926,PG-13,Action and Adventure|Drama,92.0
1927,R,Drama|Horror|Mystery and Suspense|Romance,127.0
1929,R,Drama|Musical and Performing Arts,158.0
1930,PG,Action and Adventure|Art House and International|Classics|Drama|Mystery and Suspense,102.0
1931,PG-13,Drama,90.0
1932,PG-13,Comedy|Drama|Romance,96.0
1933,R,Art House and International|Comedy|Drama,121.0
1935,PG-13,Action and Adventure|Mystery and Suspense|Science Fiction and Fantasy,115.0
1937,PG-13,Drama|Romance,120.0
1938,NR,Classics|Comedy|Musical and Performing Arts|Romance,133.0
1939,NR,Drama|Special Interest,86.0
1940,R,Comedy,93.0
1941,R,Comedy|Drama|Faith and Spirituality,124.0
1942,NR,Comedy|Romance,147.0
1943,R,Art House and International|Drama,94.0
1944,PG-13,Action and Adventure|Comedy|Science Fiction and Fantasy,119.0
1945,PG,Comedy,92.0
1946,R,Horror|Mystery and Suspense,98.0
1947,PG-13,Art House and International|Drama,108.0
1949,PG,Comedy|Romance,91.0
1950,R,Action and Adventure|Drama,100.0
1951,NR,Classics|Drama,91.0
1952,NR,Action and Adventure|Drama|Mystery and Suspense,92.0
1953,R,Comedy|Documentary|Television,84.0
1955,PG-13,Drama|Romance,135.0
1956,R,Art House and International|Comedy|Horror,93.0
1957,NR,Art House and International|Comedy|Drama|Mystery and Suspense,110.0
1958,G,Drama,74.0
1959,R,Drama,90.0
1960,PG-13,Drama,127.0
1961,NR,Drama,90.0
1962,PG-13,Comedy|Drama,116.0
1963,R,Horror,89.0
1965,G,Animation|Kids and Family,73.0
1966,PG-13,Comedy,90.0
1968,PG,Comedy|Drama,126.0
1969,PG,Action and Adventure|Comedy|Western,104.0
1970,PG-13,Comedy,90.0
1971,NR,Drama|Mystery and Suspense,93.0
1972,R,Action and Adventure|Mystery and Suspense|Science Fiction and Fantasy,106.0
1973,R,Action and Adventure|Drama|Mystery and Suspense|Science Fiction and Fantasy|Special Interest,94.0
1975,NR,Drama|Romance,142.0
1976,NR,Action and Adventure|Art House and International,123.0
1977,NR,Classics|Comedy|Musical and Performing Arts,90.0
1978,R,Art House and International|Drama,102.0
1979,G,Classics|Drama|Mystery and Suspense,103.0
1980,PG-13,Action and Adventure|Science Fiction and Fantasy,119.0
1981,NR,Comedy|Drama,129.0
1982,NR,UNKOWN,90.0
1983,G,Action and Adventure|Animation|Kids and Family,74.0
1985,R,Horror|Mystery and Suspense,98.0
1986,PG,Art House and International|Comedy|Drama,97.0
1987,PG-13,Comedy,98.0
1988,R,Comedy,94.0
1989,NR,Art House and International|Drama,101.0
1990,R,Art House and International|Comedy|Drama,112.0
1991,R,Action and Adventure|Drama,92.0
1992,R,Comedy|Drama,116.0
1993,PG,Comedy,95.0
1995,PG-13,Action and Adventure|Comedy|Western,107.0
1996,R,Action and Adventure|Horror|Mystery and Suspense,106.0
1997,PG,Comedy|Science Fiction and Fantasy,88.0
1998,G,Classics|Comedy|Drama|Musical and Performing Arts,111.0
1999,PG,Comedy|Drama|Kids and Family|Sports and Fitness,101.0
2000,R,Action and Adventure|Art House and International|Comedy|Drama|Mystery and Suspense,94.0
